phase,epoch,train_loss,validation_loss,learning_rate,gradient_norm
tune,1,0.5719711017608643,0.2602804835353579,0.001,0.07881850004196167
tune,2,0.2562319456040859,0.23534612224570342,0.001,0.39238810539245605
tune,3,0.2425300261378288,0.23083693081779139,0.001,0.48409348726272583
tune,4,0.24094768598675728,0.22890806517430715,0.001,0.14003175497055054
tune,5,0.23541080325841904,0.22746843192726374,0.001,0.6442846059799194
tune,6,0.23374432310461998,0.22528701794466802,0.001,0.3508238196372986
tune,7,0.23288071662187576,0.2248759273705738,0.001,0.37964513897895813
tune,8,0.23138150691986084,0.22486543216343438,0.001,0.6537006497383118
tune,9,0.22991041347384453,0.223352466976004,0.001,0.11257677525281906
tune,10,0.22823957711458207,0.22246079865310872,0.001,0.1753251850605011
tune,11,0.22826048374176025,0.22470615631235497,0.001,0.6640660166740417
tune,12,0.22798966586589814,0.22258409871054546,0.0005,0.037422340363264084
tune,13,0.2263282549381256,0.22283165316496575,0.0005,0.058356836438179016
tune,14,0.22381970763206482,0.22182677473340714,0.0005,0.02976602129638195
tune,15,0.22493351012468338,0.2217579892437373,0.0005,0.09824687987565994
tune,16,0.22432657286524774,0.2225265952625445,0.0005,0.08325093984603882
tune,17,0.22364629805088043,0.22202237934938499,0.00025,0.0541471429169178
tune,18,0.22142976984381676,0.2215409234964422,0.00025,0.2287459671497345
tune,19,0.22408220246434213,0.2209577996815954,0.00025,0.10237877070903778
tune,20,0.22296488553285598,0.22196886901344573,0.00025,0.035747360438108444
tune,21,0.22106211975216866,0.22149109773870027,0.000125,0.06368105858564377
tune,22,0.221781325340271,0.2210724905931524,0.000125,0.1116112768650055
tune,23,0.22165929183363914,0.2209269336557814,0.000125,0.09369532018899918
tune,24,0.22095808118581772,0.2213301183655858,0.000125,0.04911840334534645
tune,25,0.2222961241006851,0.22121165014271224,6.25e-05,0.039495211094617844
tune,26,0.22035142824053763,0.22108080730374371,6.25e-05,0.06621205061674118
tune,27,0.22184259071946144,0.22135103600365774,3.125e-05,0.022972052916884422
tune,28,0.22084823429584502,0.22145794504987343,3.125e-05,0.0464170016348362
retrain_full,1,0.5194473651051521,nan,0.001,0.10257671028375626
retrain_full,2,0.26031588718295096,nan,0.001,4.12029504776001
retrain_full,3,0.24956954196095466,nan,0.001,0.31944411993026733
retrain_full,4,0.24135317549109458,nan,0.001,0.4541756212711334
retrain_full,5,0.23984728515148163,nan,0.001,5.80019474029541
retrain_full,6,0.23770436719059945,nan,0.001,0.03334609046578407
retrain_full,7,0.23585037589073182,nan,0.001,0.4965193569660187
retrain_full,8,0.2352338705956936,nan,0.001,1.113091230392456
retrain_full,9,0.23625712603330612,nan,0.001,1.3423429727554321
retrain_full,10,0.232106082290411,nan,0.001,0.984984815120697
retrain_full,11,0.22994014382362366,nan,0.001,0.12765592336654663
retrain_full,12,0.22877997905015945,nan,0.001,0.425418883562088
retrain_full,13,0.22992660760879516,nan,0.001,0.8366014957427979
retrain_full,14,0.22776479974389077,nan,0.001,0.7934211492538452
retrain_full,15,0.22800503969192504,nan,0.001,2.2961955070495605
retrain_full,16,0.23375252783298492,nan,0.0005,1.029434084892273
retrain_full,17,0.22531506672501564,nan,0.0005,0.11118904501199722
retrain_full,18,0.2252449457347393,nan,0.0005,0.3774026036262512
retrain_full,19,0.2250877572596073,nan,0.0005,0.066667340695858
retrain_full,20,0.22523016467690468,nan,0.0005,0.5571268796920776
retrain_full,21,0.22524743273854256,nan,0.00025,0.03482899069786072
retrain_full,22,0.22510325253009797,nan,0.00025,0.06186365708708763
retrain_full,23,0.22279412031173706,nan,0.00025,0.11766673624515533
